epoch,time,train/box_loss,train/cls_loss,train/dfl_loss,metrics/precision(B),metrics/recall(B),metrics/mAP50(B),metrics/mAP50-95(B),val/box_loss,val/cls_loss,val/dfl_loss,lr/pg0,lr/pg1,lr/pg2
1,21.4742,1.4657,4.07043,1.23055,0.00744,0.35513,0.136,0.09306,1.17814,3.78145,1.0357,0.0001875,0.0001875,0.0001875
2,39.4495,1.38117,3.24444,1.12192,0.01026,0.40297,0.15468,0.1039,1.28368,3.69888,1.04942,0.000386221,0.000386221,0.000386221
3,56.0885,1.38925,2.47418,1.09267,0.91724,0.13686,0.21094,0.12313,1.35447,3.55145,1.07167,0.000583623,0.000583623,0.000583623
4,69.2377,1.44895,2.18812,1.13743,1,0.04062,0.34547,0.2263,1.33869,3.24021,1.11413,0.000779704,0.000779704,0.000779704
5,74.3259,1.43462,2.45938,1.12526,1,0.11168,0.44417,0.30476,1.27747,2.99568,1.10279,0.000974465,0.000974465,0.000974465
6,79.3999,1.3736,2.02008,1.12311,0.86672,0.21674,0.41098,0.24605,1.42264,2.90177,1.16743,0.00116791,0.00116791,0.00116791
7,84.2806,1.31175,1.75933,1.104,0.73953,0.41148,0.5342,0.29971,1.43524,2.44439,1.20534,0.00122525,0.00122525,0.00122525
8,89.3895,1.32466,1.71777,1.09837,0.54692,0.50089,0.48384,0.29927,1.34239,2.0895,1.14113,0.00122112,0.00122112,0.00122112
9,94.4322,1.25247,1.55056,1.05789,0.58373,0.43338,0.45547,0.29222,1.35123,2.18968,1.12348,0.001217,0.001217,0.001217
10,99.5614,1.26532,1.4954,1.08507,0.58705,0.57511,0.59584,0.36942,1.29764,1.72099,1.10818,0.00121287,0.00121287,0.00121287
11,104.516,1.2504,1.50578,1.06982,0.70161,0.57514,0.63241,0.40052,1.22317,1.52513,1.08419,0.00120875,0.00120875,0.00120875
12,109.508,1.27243,1.48248,1.05355,0.63299,0.63503,0.61371,0.36831,1.22829,1.60768,1.07552,0.00120462,0.00120462,0.00120462
13,114.553,1.24778,1.42453,1.04981,0.67557,0.55758,0.59178,0.36713,1.35575,1.5856,1.14154,0.0012005,0.0012005,0.0012005
14,119.55,1.23377,1.35114,1.05689,0.62528,0.58564,0.61268,0.38012,1.30738,1.59254,1.10809,0.00119637,0.00119637,0.00119637
15,124.549,1.19971,1.33452,1.04201,0.71657,0.67699,0.67637,0.4124,1.26616,1.27446,1.09219,0.00119225,0.00119225,0.00119225
16,129.997,1.19255,1.35524,1.05942,0.67621,0.68322,0.71402,0.45798,1.17294,1.24745,1.04922,0.00118812,0.00118812,0.00118812
17,135.422,1.18002,1.25784,1.04995,0.74665,0.65641,0.71456,0.45729,1.21387,1.19547,1.06026,0.001184,0.001184,0.001184
18,140.469,1.19384,1.21925,1.05801,0.7559,0.69024,0.73234,0.47,1.21137,1.14946,1.06655,0.00117988,0.00117988,0.00117988
19,145.559,1.16415,1.23182,1.0355,0.74046,0.7001,0.72478,0.4558,1.22617,1.22177,1.0659,0.00117575,0.00117575,0.00117575
20,150.679,1.12584,1.14132,1.00829,0.73579,0.69086,0.73419,0.44572,1.25252,1.24746,1.08887,0.00117163,0.00117163,0.00117163
21,155.703,1.14299,1.1625,1.02963,0.75457,0.7062,0.75708,0.5025,1.17261,1.09386,1.07577,0.0011675,0.0011675,0.0011675
22,160.699,1.15791,1.14322,1.03504,0.76113,0.72614,0.74982,0.5079,1.16312,1.2031,1.06315,0.00116337,0.00116337,0.00116337
23,167.937,1.16084,1.0968,1.03745,0.7824,0.63054,0.7021,0.45796,1.16762,1.22888,1.06553,0.00115925,0.00115925,0.00115925
24,173.739,1.11852,1.05825,1.02972,0.74805,0.7053,0.73058,0.49117,1.13721,1.12428,1.04235,0.00115513,0.00115513,0.00115513
25,179.292,1.12528,1.09683,1.02457,0.71476,0.66052,0.71589,0.49133,1.13383,1.23228,1.04432,0.001151,0.001151,0.001151
26,185.353,1.10459,1.02899,1.01512,0.76623,0.73194,0.74972,0.49407,1.13932,1.14243,1.05877,0.00114688,0.00114688,0.00114688
27,193.582,1.07419,0.99043,0.99591,0.80984,0.6659,0.74799,0.49542,1.11887,1.04591,1.04599,0.00114275,0.00114275,0.00114275
28,199.56,1.12542,1.02331,1.03519,0.74464,0.69369,0.7242,0.49505,1.09167,1.01808,1.04149,0.00113863,0.00113863,0.00113863
29,205.488,1.09773,1.02262,1.01897,0.73095,0.73322,0.73017,0.4878,1.13313,1.04185,1.0524,0.0011345,0.0011345,0.0011345
30,210.765,1.07737,0.97213,0.99375,0.75825,0.7313,0.75162,0.5233,1.0959,1.00867,1.03215,0.00113038,0.00113038,0.00113038
31,215.964,1.11445,1.00177,1.01403,0.79515,0.72741,0.76917,0.5221,1.07486,0.99368,1.01398,0.00112625,0.00112625,0.00112625
32,221.18,1.08802,0.95154,1.0183,0.78483,0.68969,0.75096,0.51542,1.10927,1.08771,1.04173,0.00112213,0.00112213,0.00112213
33,226.347,1.08726,0.97151,0.99746,0.82209,0.63196,0.73297,0.47445,1.21322,1.19861,1.09581,0.001118,0.001118,0.001118
34,231.486,1.04901,0.93111,0.99217,0.80512,0.72653,0.76554,0.48906,1.12265,1.05286,1.06915,0.00111388,0.00111388,0.00111388
35,237.004,1.10549,1.0514,1.02152,0.76603,0.66258,0.74634,0.46446,1.16441,1.20048,1.07991,0.00110975,0.00110975,0.00110975
36,242.181,1.00425,0.93004,0.97843,0.73424,0.71487,0.75575,0.49899,1.08279,1.05364,1.03611,0.00110563,0.00110563,0.00110563
37,247.289,1.05141,0.91863,1.00733,0.69995,0.76979,0.74116,0.50326,1.08529,0.9872,1.04847,0.0011015,0.0011015,0.0011015
38,252.381,0.99812,0.87167,0.98278,0.8023,0.71782,0.76603,0.52949,1.08226,0.92693,1.02704,0.00109738,0.00109738,0.00109738
39,257.417,1.02703,0.88221,0.97973,0.79919,0.75632,0.78299,0.52936,1.09556,0.92388,1.02223,0.00109325,0.00109325,0.00109325
40,262.586,1.01932,0.87164,0.97358,0.78298,0.77621,0.78434,0.52672,1.07688,0.91839,1.01133,0.00108913,0.00108913,0.00108913
41,267.637,1.05948,0.90583,0.97346,0.76163,0.74544,0.77142,0.5036,1.11117,0.95687,1.02794,0.001085,0.001085,0.001085
42,273.533,1.03354,0.87769,0.96961,0.79195,0.72909,0.7781,0.52443,1.06981,0.92442,1.02146,0.00108088,0.00108088,0.00108088
43,278.714,0.98086,0.79327,0.97089,0.82919,0.70163,0.78488,0.52275,1.07339,0.92125,1.02996,0.00107675,0.00107675,0.00107675
44,284.187,1.04868,0.84535,0.99753,0.78654,0.77283,0.80792,0.54359,1.039,0.88914,1.01128,0.00107263,0.00107263,0.00107263
45,289.272,1.01321,0.79371,0.97037,0.78726,0.73851,0.78022,0.52097,1.06823,0.93764,1.02627,0.0010685,0.0010685,0.0010685
46,294.436,1.00245,0.81788,0.98982,0.81326,0.74473,0.77738,0.53039,1.04957,0.9372,1.00483,0.00106437,0.00106437,0.00106437
47,299.471,0.97623,0.84087,0.97037,0.78713,0.74406,0.75626,0.51678,1.08593,0.95225,1.0161,0.00106025,0.00106025,0.00106025
48,304.537,1.00022,0.84055,0.97503,0.80946,0.72603,0.76593,0.51827,1.05546,0.94967,1.00452,0.00105612,0.00105612,0.00105612
49,309.715,0.9675,0.79674,0.95555,0.7654,0.72417,0.75805,0.52327,1.06665,0.96124,1.00879,0.001052,0.001052,0.001052
50,315.47,0.97521,0.78883,0.97312,0.82211,0.74655,0.76943,0.53139,1.0283,0.90018,1.003,0.00104787,0.00104787,0.00104787
51,320.502,1.02445,0.82797,0.97813,0.77597,0.74357,0.77524,0.53254,1.05932,0.91351,1.00076,0.00104375,0.00104375,0.00104375
52,325.655,1.00952,0.81691,0.99821,0.81238,0.75962,0.78941,0.53561,1.11923,0.92674,1.03901,0.00103962,0.00103962,0.00103962
53,330.846,0.93189,0.77489,0.9364,0.84197,0.70718,0.7668,0.51121,1.15052,0.9007,1.05805,0.0010355,0.0010355,0.0010355
54,336.06,0.94424,0.73815,0.9557,0.77743,0.7483,0.76175,0.51863,1.08179,0.93036,1.04319,0.00103138,0.00103138,0.00103138
55,341.189,0.96194,0.76786,0.95468,0.81812,0.72323,0.76211,0.5137,1.10732,0.93289,1.03029,0.00102725,0.00102725,0.00102725
56,346.488,0.94842,0.7725,0.96016,0.81604,0.78426,0.77781,0.538,1.075,0.91075,1.00413,0.00102312,0.00102312,0.00102312
57,351.886,0.97757,0.75871,0.97096,0.80984,0.75696,0.77454,0.532,1.09156,0.89826,1.0184,0.001019,0.001019,0.001019
58,356.966,0.96519,0.77462,0.95075,0.77911,0.75925,0.7762,0.53475,1.07029,0.93209,1.03815,0.00101488,0.00101488,0.00101488
59,362.096,0.9811,0.79302,0.95096,0.78453,0.75892,0.75284,0.53008,1.0377,0.93188,0.99842,0.00101075,0.00101075,0.00101075
60,367.283,0.95648,0.75459,0.94965,0.76932,0.76866,0.7849,0.5516,1.02529,0.86811,1.00174,0.00100663,0.00100663,0.00100663
61,372.39,0.93003,0.70528,0.94065,0.80748,0.77862,0.78977,0.54892,1.01796,0.86354,1.00765,0.0010025,0.0010025,0.0010025
62,377.449,0.93939,0.69741,0.97833,0.79513,0.75422,0.78316,0.54018,1.03677,0.93466,1.02918,0.000998375,0.000998375,0.000998375
63,382.584,0.92814,0.72836,0.94469,0.77797,0.7386,0.76826,0.52652,1.07427,0.93921,1.03376,0.00099425,0.00099425,0.00099425
64,388.046,0.91311,0.71223,0.93832,0.85321,0.66742,0.75173,0.52223,1.03427,0.93801,1.01616,0.000990125,0.000990125,0.000990125
65,393.288,0.93491,0.69082,0.93769,0.76764,0.75424,0.77512,0.53618,1.0384,0.90011,0.98667,0.000986,0.000986,0.000986
66,398.885,1.06233,1.15155,1.04767,0.75183,0.77395,0.77909,0.53475,1.05569,0.90253,1.01994,0.000981875,0.000981875,0.000981875
67,404.082,0.94076,0.72459,0.96447,0.77141,0.74459,0.78003,0.53744,1.04029,0.86746,1.00471,0.00097775,0.00097775,0.00097775
68,409.217,0.9514,0.75932,0.95749,0.82522,0.72392,0.78042,0.54367,1.04873,0.96635,0.99258,0.000973625,0.000973625,0.000973625
69,414.293,0.92071,0.701,0.93761,0.82592,0.71043,0.77704,0.52834,1.086,0.9804,1.01573,0.0009695,0.0009695,0.0009695
70,419.265,0.92583,0.70334,0.9381,0.80455,0.76456,0.77727,0.54177,1.03993,0.906,1.03497,0.000965375,0.000965375,0.000965375
71,424.603,0.91426,0.73394,0.94388,0.80605,0.73255,0.79639,0.55095,1.08188,0.91905,1.04507,0.00096125,0.00096125,0.00096125
72,429.894,0.92386,0.67833,0.93852,0.80061,0.73924,0.79415,0.54622,1.0453,0.906,1.01494,0.000957125,0.000957125,0.000957125
73,435.021,0.91779,0.68439,0.95694,0.86804,0.75373,0.79962,0.55593,1.00226,0.87705,0.98296,0.000953,0.000953,0.000953
74,440.058,0.95053,0.69402,0.9388,0.79321,0.77873,0.79163,0.55306,1.04109,0.9297,1.00996,0.000948875,0.000948875,0.000948875
75,445.329,0.89763,0.66772,0.92815,0.83987,0.69795,0.78803,0.54637,1.07019,0.9047,1.02043,0.00094475,0.00094475,0.00094475
76,450.457,0.89343,0.67161,0.93607,0.78892,0.75402,0.78092,0.52519,1.09762,0.88326,1.05746,0.000940625,0.000940625,0.000940625
77,456.199,0.89503,0.65436,0.92923,0.78177,0.79925,0.79779,0.54706,1.10076,0.89957,1.04276,0.0009365,0.0009365,0.0009365
78,461.165,0.88659,0.65129,0.94799,0.80082,0.78784,0.79008,0.5325,1.07037,0.89605,1.02477,0.000932375,0.000932375,0.000932375
79,466.175,0.81996,0.80332,0.86407,0.82637,0.73922,0.78727,0.52671,1.07885,0.94912,1.02787,0.00092825,0.00092825,0.00092825
80,471.266,0.92945,0.69321,0.94555,0.78761,0.7237,0.77103,0.52668,1.08348,1.05942,1.02104,0.000924125,0.000924125,0.000924125
81,476.412,0.90289,0.69391,0.95249,0.84754,0.71463,0.77516,0.52806,1.05444,0.94153,1.00839,0.00092,0.00092,0.00092
82,481.425,0.90605,0.66716,0.94672,0.84125,0.72818,0.79518,0.54666,1.0502,0.93931,1.00334,0.000915875,0.000915875,0.000915875
83,486.574,0.87446,0.65159,0.92869,0.80919,0.76471,0.79807,0.5492,1.03967,0.9078,1.00771,0.00091175,0.00091175,0.00091175
84,492.381,0.89352,0.66664,0.92934,0.86695,0.70093,0.77952,0.5216,1.0703,0.91052,1.01723,0.000907625,0.000907625,0.000907625
85,497.419,0.88096,0.66232,0.92574,0.85632,0.7549,0.81125,0.54749,1.02099,0.8476,1.00308,0.0009035,0.0009035,0.0009035
86,502.548,0.83931,0.61865,0.92373,0.82351,0.7665,0.79507,0.55642,1.01722,0.83654,0.99745,0.000899375,0.000899375,0.000899375
87,507.669,0.86205,0.62869,0.90265,0.82867,0.77588,0.81101,0.56128,1.04444,0.83379,1.01548,0.00089525,0.00089525,0.00089525
88,512.743,0.87382,0.62542,0.92063,0.85811,0.76002,0.81244,0.57602,0.99775,0.81544,0.98345,0.000891125,0.000891125,0.000891125
89,517.817,0.85927,0.60307,0.91499,0.80226,0.7777,0.79865,0.5566,1.04105,0.84316,1.00947,0.000887,0.000887,0.000887
90,523.583,0.89783,0.64653,0.93528,0.82431,0.74362,0.78893,0.54573,1.01918,0.84645,1.0027,0.000882875,0.000882875,0.000882875
91,528.894,0.86958,0.63103,0.92129,0.8247,0.77462,0.80549,0.5644,1.04508,0.83135,1.01989,0.00087875,0.00087875,0.00087875
92,534.237,0.89517,0.61839,0.91991,0.80034,0.80554,0.82054,0.57987,0.99905,0.82258,0.98957,0.000874625,0.000874625,0.000874625
93,539.496,0.87804,0.63764,0.92143,0.8201,0.78331,0.81989,0.57395,1.00801,0.87491,0.99168,0.0008705,0.0008705,0.0008705
94,544.699,0.89473,0.65008,0.93471,0.83405,0.74395,0.80847,0.56046,1.01311,0.89277,0.98741,0.000866375,0.000866375,0.000866375
95,550.089,0.86844,0.64473,0.91702,0.80725,0.77417,0.80919,0.57189,1.00639,0.90443,0.98983,0.00086225,0.00086225,0.00086225
96,555.439,0.85252,0.61805,0.90768,0.82554,0.7217,0.79954,0.56438,0.99979,0.86066,0.9884,0.000858125,0.000858125,0.000858125
97,561.034,0.85475,0.6278,0.92112,0.81547,0.7419,0.79532,0.55644,0.99619,0.88624,0.99015,0.000854,0.000854,0.000854
98,566.323,0.84606,0.61677,0.91683,0.77525,0.78048,0.80381,0.55703,1.00207,0.87428,0.99666,0.000849875,0.000849875,0.000849875
99,571.612,0.85561,0.62026,0.93089,0.83822,0.76889,0.79656,0.55282,0.99562,0.86767,0.99025,0.00084575,0.00084575,0.00084575
100,577.014,0.84082,0.58905,0.91279,0.7912,0.75907,0.78164,0.53839,1.01195,0.88333,0.99985,0.000841625,0.000841625,0.000841625
101,582.393,0.85695,0.61147,0.91491,0.77346,0.78165,0.80561,0.55582,1.00956,0.85261,1.00256,0.0008375,0.0008375,0.0008375
102,587.638,0.84682,0.60822,0.92253,0.81352,0.78158,0.81327,0.55916,1.00695,0.86591,1.00507,0.000833375,0.000833375,0.000833375
103,592.964,0.8433,0.59806,0.91025,0.81755,0.80614,0.82262,0.5766,1.01341,0.80647,0.9904,0.00082925,0.00082925,0.00082925
104,598.305,0.83229,0.58884,0.9108,0.84671,0.75046,0.81844,0.58377,0.99002,0.78333,0.98056,0.000825125,0.000825125,0.000825125
105,603.856,0.83967,0.58814,0.91511,0.88109,0.73602,0.80749,0.55972,1.03906,0.86372,1.00917,0.000821,0.000821,0.000821
106,609.273,0.83083,0.5985,0.91891,0.86253,0.71592,0.80109,0.54208,1.11514,0.87367,1.04009,0.000816875,0.000816875,0.000816875
107,614.569,0.8349,0.5912,0.92513,0.81306,0.78093,0.80602,0.55574,1.07307,0.89415,1.04377,0.00081275,0.00081275,0.00081275
108,619.979,0.8606,0.60249,0.92494,0.80706,0.78762,0.80844,0.55203,1.05519,0.8743,1.0282,0.000808625,0.000808625,0.000808625
109,625.167,0.84701,0.60499,0.90907,0.81404,0.79772,0.82599,0.58225,0.99563,0.80584,0.99536,0.0008045,0.0008045,0.0008045
110,630.384,0.84845,0.68013,0.93583,0.84393,0.73793,0.79701,0.56362,1.01967,0.90828,1.00061,0.000800375,0.000800375,0.000800375
111,635.62,0.80323,0.56891,0.91249,0.84308,0.76278,0.80392,0.57006,0.96785,0.87068,0.98047,0.00079625,0.00079625,0.00079625
112,641.908,0.81415,0.57314,0.89494,0.81145,0.75793,0.80735,0.57866,0.97385,0.85281,0.98767,0.000792125,0.000792125,0.000792125
113,647.104,0.83682,0.60131,0.90351,0.85147,0.73726,0.79078,0.57375,0.96162,0.83636,0.98314,0.000788,0.000788,0.000788
114,652.295,0.80531,0.564,0.89469,0.77994,0.77679,0.79145,0.56293,1.00587,0.84673,0.98977,0.000783875,0.000783875,0.000783875
115,657.266,0.81494,0.58371,0.90324,0.836,0.77332,0.79963,0.56159,0.9963,0.8161,0.98251,0.00077975,0.00077975,0.00077975
116,662.461,0.79955,0.58473,0.92425,0.83347,0.79058,0.81057,0.57319,0.97674,0.84494,0.97348,0.000775625,0.000775625,0.000775625
117,667.584,0.82085,0.57676,0.90279,0.80882,0.78862,0.7877,0.55618,0.97994,0.90103,0.98963,0.0007715,0.0007715,0.0007715
118,672.835,0.85292,0.63026,0.94023,0.82594,0.75298,0.78364,0.55057,0.97036,0.88047,0.9825,0.000767375,0.000767375,0.000767375
119,678.057,0.83731,0.57902,0.90416,0.77079,0.78745,0.80929,0.55814,1.04121,0.88757,1.01198,0.00076325,0.00076325,0.00076325
120,683.078,0.82757,0.5763,0.90192,0.83618,0.78785,0.80399,0.56274,0.98693,0.88951,0.98841,0.000759125,0.000759125,0.000759125
121,688.171,0.8045,0.56298,0.91571,0.86039,0.69614,0.79059,0.56093,0.99656,0.93164,0.99199,0.000755,0.000755,0.000755
122,693.203,0.79839,0.56195,0.91225,0.86153,0.71261,0.79321,0.55336,1.02115,0.94894,0.99808,0.000750875,0.000750875,0.000750875
123,698.252,0.78231,0.54404,0.91349,0.82247,0.75833,0.80025,0.55032,1.04773,0.91415,1.02559,0.00074675,0.00074675,0.00074675
124,703.369,0.77391,0.52926,0.8988,0.86793,0.77111,0.82765,0.58212,1.01683,0.83827,1.00253,0.000742625,0.000742625,0.000742625
125,708.37,0.82034,0.57608,0.91366,0.89609,0.76196,0.83865,0.59176,0.99157,0.8221,1.00369,0.0007385,0.0007385,0.0007385
126,713.898,0.7695,0.62816,0.90412,0.83979,0.78146,0.81892,0.58609,0.98792,0.83582,0.98387,0.000734375,0.000734375,0.000734375
127,718.95,0.78861,0.56046,0.89721,0.83715,0.7867,0.81091,0.5834,0.94597,0.84663,0.96854,0.00073025,0.00073025,0.00073025
128,724.096,0.77188,0.56519,0.901,0.85606,0.758,0.80772,0.57751,0.93133,0.8567,0.97381,0.000726125,0.000726125,0.000726125
129,729.672,0.75986,0.56027,0.91113,0.82139,0.77585,0.811,0.57396,0.96934,0.85075,0.9864,0.000722,0.000722,0.000722
130,734.768,0.75418,0.54807,0.89389,0.79418,0.76477,0.80525,0.57791,0.9761,0.87755,0.97828,0.000717875,0.000717875,0.000717875
131,739.702,0.76075,0.56171,0.88675,0.82703,0.72857,0.79853,0.57187,1.0009,0.92629,0.98914,0.00071375,0.00071375,0.00071375
132,744.654,0.76183,0.51392,0.89802,0.80218,0.77875,0.79276,0.55768,0.97794,0.87032,0.97974,0.000709625,0.000709625,0.000709625
133,749.9,0.78049,0.54098,0.90954,0.83686,0.75101,0.79926,0.56044,0.98808,0.84951,0.98854,0.0007055,0.0007055,0.0007055
134,754.995,0.7537,0.5521,0.89763,0.87244,0.73648,0.81839,0.573,0.98543,0.81595,0.98723,0.000701375,0.000701375,0.000701375
135,759.991,0.77589,0.56625,0.901,0.85671,0.78155,0.81537,0.57647,0.99198,0.80917,0.98109,0.00069725,0.00069725,0.00069725
136,765.29,0.78866,0.57153,0.89695,0.84128,0.79404,0.81905,0.58639,0.99909,0.80795,0.9864,0.000693125,0.000693125,0.000693125
137,770.512,0.73895,0.52178,0.88714,0.82114,0.79495,0.81825,0.57502,1.00213,0.77107,0.98751,0.000689,0.000689,0.000689
138,775.711,0.76011,0.54944,0.89692,0.81225,0.78967,0.8077,0.56732,0.99686,0.81959,0.98497,0.000684875,0.000684875,0.000684875
139,780.75,0.74571,0.53685,0.88485,0.85286,0.75741,0.79819,0.57319,0.98042,0.84077,0.98374,0.00068075,0.00068075,0.00068075
140,785.698,0.74933,0.54197,0.88668,0.85188,0.76735,0.80901,0.58652,0.95885,0.78591,0.97828,0.000676625,0.000676625,0.000676625
141,790.717,0.77533,0.52795,0.89672,0.87244,0.73058,0.79612,0.57069,0.9951,0.80619,0.98268,0.0006725,0.0006725,0.0006725
142,795.794,0.76513,0.55039,0.90474,0.86385,0.73782,0.80483,0.58171,0.96361,0.81313,0.97733,0.000668375,0.000668375,0.000668375
143,800.802,0.76336,0.52708,0.88986,0.82879,0.75621,0.80638,0.57241,0.98754,0.82775,0.98335,0.00066425,0.00066425,0.00066425
144,805.864,0.75863,0.52723,0.88543,0.83122,0.75972,0.81107,0.5732,0.97117,0.83359,0.98495,0.000660125,0.000660125,0.000660125
145,810.902,0.73945,0.50135,0.87855,0.85819,0.7274,0.80677,0.58108,0.96423,0.85477,0.98349,0.000656,0.000656,0.000656
146,816.001,0.73401,0.5049,0.88785,0.84251,0.74386,0.79414,0.584,0.92485,0.81415,0.96913,0.000651875,0.000651875,0.000651875
147,821.069,0.76312,0.52945,0.87751,0.85387,0.7391,0.80736,0.58557,0.93691,0.79755,0.97224,0.00064775,0.00064775,0.00064775
148,826.302,0.72468,0.49618,0.87397,0.86087,0.76314,0.81747,0.59085,0.94618,0.77209,0.97917,0.000643625,0.000643625,0.000643625
149,831.342,0.78521,0.52252,0.89869,0.81633,0.7639,0.80242,0.5805,0.94266,0.7881,0.97371,0.0006395,0.0006395,0.0006395
150,836.453,0.7295,0.53139,0.89727,0.85527,0.72407,0.79854,0.5751,0.97289,0.8521,0.9807,0.000635375,0.000635375,0.000635375
151,841.502,0.76013,0.52239,0.89508,0.81978,0.74014,0.80243,0.57593,0.95369,0.84655,0.98456,0.00063125,0.00063125,0.00063125
152,846.446,0.7151,0.49345,0.87402,0.847,0.72864,0.80185,0.56668,0.99322,0.86611,1.01157,0.000627125,0.000627125,0.000627125
153,851.481,0.74169,0.55133,0.88061,0.86422,0.74153,0.79682,0.55838,1.00433,0.87921,1.01398,0.000623,0.000623,0.000623
154,856.463,0.75213,0.52874,0.89385,0.85926,0.721,0.77619,0.54426,1.01016,0.90899,1.0044,0.000618875,0.000618875,0.000618875
155,861.411,0.73722,0.50984,0.89473,0.86894,0.74052,0.79282,0.56556,0.99798,0.9149,0.9848,0.00061475,0.00061475,0.00061475
156,866.48,0.71435,0.49625,0.88622,0.8395,0.77431,0.81814,0.58538,0.98875,0.86858,0.99031,0.000610625,0.000610625,0.000610625
157,871.547,0.71727,0.49062,0.88121,0.89159,0.73227,0.82101,0.58497,0.97849,0.78568,0.99085,0.0006065,0.0006065,0.0006065
158,876.571,0.71076,0.48904,0.87451,0.83543,0.79993,0.82094,0.58461,0.96165,0.76538,0.97025,0.000602375,0.000602375,0.000602375
159,881.541,0.70561,0.47758,0.87287,0.84509,0.7984,0.81319,0.57753,0.95167,0.78432,0.9672,0.00059825,0.00059825,0.00059825
160,886.584,0.71055,0.5032,0.88055,0.8609,0.77148,0.8203,0.58332,0.95326,0.78885,0.97214,0.000594125,0.000594125,0.000594125
161,891.627,0.70013,0.49591,0.87081,0.82398,0.76474,0.81502,0.58623,0.94416,0.80361,0.97909,0.00059,0.00059,0.00059
162,896.646,0.72789,0.49866,0.88341,0.86447,0.74016,0.81486,0.5944,0.92705,0.78317,0.98111,0.000585875,0.000585875,0.000585875
163,901.687,0.75943,0.54953,0.89081,0.86174,0.73398,0.79847,0.57428,0.95714,0.84153,0.9841,0.00058175,0.00058175,0.00058175
164,907.01,0.73318,0.50982,0.88181,0.82467,0.8029,0.81418,0.57588,1.00085,0.80562,0.9979,0.000577625,0.000577625,0.000577625
165,912.131,0.7433,0.50302,0.87869,0.82093,0.77949,0.80668,0.57955,0.97194,0.78077,0.9912,0.0005735,0.0005735,0.0005735
166,917.091,0.69674,0.47693,0.87412,0.80619,0.77428,0.80219,0.58116,0.9485,0.80172,0.98102,0.000569375,0.000569375,0.000569375
167,922.149,0.7803,0.5485,0.88125,0.86754,0.73281,0.80426,0.57813,0.95787,0.79445,0.98792,0.00056525,0.00056525,0.00056525
168,927.167,0.70117,0.50073,0.87493,0.79152,0.81372,0.81499,0.58204,0.93175,0.76775,0.98205,0.000561125,0.000561125,0.000561125
169,932.151,0.68462,0.48688,0.87342,0.81369,0.80702,0.81192,0.58642,0.92725,0.78643,0.98105,0.000557,0.000557,0.000557
170,937.21,0.6972,0.47226,0.86058,0.82814,0.8088,0.8126,0.58491,0.93731,0.78274,0.96974,0.000552875,0.000552875,0.000552875
171,942.167,0.68257,0.50228,0.8665,0.8323,0.79737,0.81423,0.58439,0.95305,0.80112,0.97407,0.00054875,0.00054875,0.00054875
172,947.164,0.69038,0.48063,0.87979,0.82424,0.77904,0.81351,0.58512,0.97819,0.82876,0.98756,0.000544625,0.000544625,0.000544625
173,952.137,0.70775,0.47305,0.86809,0.8536,0.78375,0.80729,0.5853,0.96686,0.79444,0.98263,0.0005405,0.0005405,0.0005405
174,957.242,0.70855,0.48858,0.87421,0.86521,0.80688,0.81522,0.58743,0.95117,0.75985,0.97562,0.000536375,0.000536375,0.000536375
175,962.372,0.71353,0.48087,0.88185,0.83837,0.79286,0.81585,0.57736,0.9738,0.77489,0.99518,0.00053225,0.00053225,0.00053225
176,967.412,0.68822,0.46881,0.86354,0.81109,0.81697,0.80841,0.57101,0.95881,0.80233,0.98519,0.000528125,0.000528125,0.000528125
177,972.611,0.66743,0.47144,0.86834,0.8387,0.79948,0.80442,0.57762,0.95369,0.80449,0.98042,0.000524,0.000524,0.000524
178,977.792,0.70652,0.48323,0.86799,0.84985,0.79607,0.80237,0.57387,0.96635,0.80658,0.98145,0.000519875,0.000519875,0.000519875
179,982.885,0.66436,0.81899,0.82014,0.83517,0.76925,0.80183,0.56972,0.98352,0.83312,0.97921,0.00051575,0.00051575,0.00051575
180,987.903,0.67405,0.47408,0.87626,0.82552,0.78184,0.80684,0.57114,0.96272,0.85632,0.97883,0.000511625,0.000511625,0.000511625
181,993.043,0.68745,0.48104,0.87802,0.81219,0.8049,0.81352,0.57711,0.9749,0.8402,0.97892,0.0005075,0.0005075,0.0005075
182,998.049,0.6779,0.46808,0.86321,0.83077,0.77891,0.81283,0.58492,0.97151,0.85953,0.98773,0.000503375,0.000503375,0.000503375
183,1003.12,0.72664,0.49364,0.8823,0.80952,0.77457,0.80218,0.58019,0.97709,0.89703,0.98642,0.00049925,0.00049925,0.00049925
184,1008.1,0.72669,0.54261,0.89004,0.82502,0.78833,0.80856,0.57012,0.96475,0.84924,0.97942,0.000495125,0.000495125,0.000495125
185,1013.09,0.69604,0.47564,0.87916,0.82594,0.78627,0.80111,0.57122,0.94869,0.86097,0.97247,0.000491,0.000491,0.000491
186,1018.05,0.73256,0.53452,0.90346,0.81955,0.77593,0.80627,0.57584,0.94241,0.81915,0.95793,0.000486875,0.000486875,0.000486875
187,1023.11,0.70492,0.48912,0.8834,0.82372,0.78516,0.80319,0.58806,0.92669,0.80083,0.95757,0.00048275,0.00048275,0.00048275
188,1028.22,0.72015,0.56546,0.89809,0.86706,0.76606,0.81009,0.59093,0.91403,0.78988,0.95415,0.000478625,0.000478625,0.000478625
189,1033.43,0.67029,0.45523,0.85535,0.83716,0.81055,0.81742,0.59778,0.90244,0.76091,0.95486,0.0004745,0.0004745,0.0004745
190,1038.47,0.66816,0.46164,0.86413,0.84437,0.78463,0.81834,0.60009,0.90267,0.75179,0.95454,0.000470375,0.000470375,0.000470375
191,1043.82,0.69096,0.48241,0.88013,0.82541,0.79456,0.81107,0.59101,0.9214,0.76226,0.96224,0.00046625,0.00046625,0.00046625
192,1048.91,0.66259,0.45527,0.87096,0.8304,0.79254,0.81006,0.58362,0.94101,0.75981,0.96843,0.000462125,0.000462125,0.000462125
193,1054.15,0.68146,0.46304,0.87195,0.84992,0.78172,0.81444,0.5862,0.95881,0.74746,0.98426,0.000458,0.000458,0.000458
194,1059.28,0.73306,0.48417,0.87744,0.85176,0.79171,0.81983,0.58821,0.96175,0.74514,0.97506,0.000453875,0.000453875,0.000453875
195,1064.21,0.68981,0.4609,0.88386,0.83184,0.78025,0.81745,0.59091,0.96511,0.77271,0.97825,0.00044975,0.00044975,0.00044975
196,1069.26,0.68105,0.46416,0.87354,0.86928,0.74756,0.81111,0.59224,0.95371,0.7853,0.97798,0.000445625,0.000445625,0.000445625
197,1074.29,0.69224,0.46347,0.88541,0.81952,0.78601,0.81962,0.59878,0.94581,0.76335,0.97594,0.0004415,0.0004415,0.0004415
198,1079.68,0.6618,0.46072,0.8585,0.8352,0.79116,0.83162,0.60975,0.91971,0.75127,0.96658,0.000437375,0.000437375,0.000437375
199,1084.71,0.65686,0.46432,0.85557,0.8372,0.80528,0.83869,0.61326,0.92189,0.7637,0.97411,0.00043325,0.00043325,0.00043325
200,1089.9,0.68204,0.44099,0.85947,0.86597,0.77533,0.83117,0.60623,0.92379,0.72879,0.97271,0.000429125,0.000429125,0.000429125
201,1094.94,0.63858,0.44563,0.85461,0.87668,0.75464,0.82761,0.60589,0.931,0.75371,0.97696,0.000425,0.000425,0.000425
202,1099.84,0.67874,0.4451,0.85882,0.87836,0.76225,0.82545,0.60543,0.92984,0.76835,0.97236,0.000420875,0.000420875,0.000420875
203,1104.94,0.67954,0.44329,0.85794,0.88127,0.74046,0.82893,0.60324,0.92434,0.78027,0.96915,0.00041675,0.00041675,0.00041675
204,1110.03,0.67442,0.44445,0.86197,0.87156,0.73582,0.81752,0.6017,0.92234,0.81862,0.96323,0.000412625,0.000412625,0.000412625
205,1115.4,0.6172,0.42326,0.85864,0.86749,0.76471,0.81759,0.5958,0.93679,0.82151,0.96622,0.0004085,0.0004085,0.0004085
206,1120.46,0.67106,0.45172,0.87158,0.87807,0.75966,0.81565,0.5927,0.92807,0.80652,0.96791,0.000404375,0.000404375,0.000404375
207,1125.52,0.63855,0.43627,0.86045,0.88384,0.77712,0.81507,0.58605,0.92344,0.80135,0.96684,0.00040025,0.00040025,0.00040025
208,1130.58,0.62957,0.43694,0.86026,0.87923,0.77162,0.81941,0.59729,0.93287,0.81478,0.9636,0.000396125,0.000396125,0.000396125
209,1135.54,0.66821,0.44327,0.85841,0.82947,0.7682,0.82194,0.59608,0.94134,0.80937,0.96243,0.000392,0.000392,0.000392
210,1140.59,0.64441,0.46448,0.85748,0.78372,0.82594,0.82463,0.59369,0.92926,0.77335,0.95971,0.000387875,0.000387875,0.000387875
211,1146.17,0.62594,0.43036,0.86147,0.86182,0.77726,0.82559,0.60216,0.92552,0.77893,0.96131,0.00038375,0.00038375,0.00038375
212,1151.19,0.62055,0.42342,0.85472,0.84748,0.78118,0.82501,0.60296,0.92686,0.78965,0.96924,0.000379625,0.000379625,0.000379625
213,1156.21,0.6486,0.44154,0.85728,0.84124,0.80456,0.8242,0.59519,0.93755,0.7958,0.96916,0.0003755,0.0003755,0.0003755
214,1161.18,0.68128,0.45295,0.86361,0.86658,0.80732,0.82839,0.60631,0.9104,0.77027,0.96292,0.000371375,0.000371375,0.000371375
215,1166.12,0.6311,0.42832,0.85319,0.86414,0.79537,0.8256,0.59968,0.91297,0.7536,0.96666,0.00036725,0.00036725,0.00036725
216,1171.21,0.62324,0.42925,0.84512,0.83346,0.81521,0.82907,0.60499,0.91718,0.73974,0.96443,0.000363125,0.000363125,0.000363125
217,1176.19,0.65926,0.44191,0.86479,0.87692,0.78548,0.83034,0.61086,0.90353,0.73046,0.95863,0.000359,0.000359,0.000359
218,1182.11,0.64884,0.46084,0.85064,0.80587,0.81321,0.82798,0.60481,0.90114,0.71636,0.96009,0.000354875,0.000354875,0.000354875
219,1187.13,0.60899,0.42194,0.8438,0.86047,0.78184,0.83397,0.60451,0.91415,0.72308,0.96323,0.00035075,0.00035075,0.00035075
220,1192.13,0.65017,0.43425,0.85992,0.86247,0.77304,0.84403,0.61005,0.93414,0.73727,0.96787,0.000346625,0.000346625,0.000346625
221,1197.2,0.63194,0.42203,0.85466,0.8466,0.79848,0.84532,0.61053,0.95498,0.75486,0.97613,0.0003425,0.0003425,0.0003425
222,1202.17,0.60473,0.41493,0.85399,0.83342,0.81605,0.84409,0.61203,0.95573,0.75595,0.98089,0.000338375,0.000338375,0.000338375
223,1207.14,0.63059,0.42501,0.84891,0.85121,0.81347,0.84547,0.61991,0.94415,0.74352,0.97528,0.00033425,0.00033425,0.00033425
224,1212.31,0.61741,0.42348,0.85606,0.85167,0.80076,0.83601,0.61094,0.93334,0.72635,0.96763,0.000330125,0.000330125,0.000330125
225,1217.88,0.62371,0.43418,0.85858,0.85831,0.79968,0.82411,0.60294,0.94931,0.77436,0.97044,0.000326,0.000326,0.000326
226,1222.91,0.63023,0.42779,0.84733,0.87151,0.80604,0.82922,0.60972,0.93661,0.76371,0.966,0.000321875,0.000321875,0.000321875
227,1227.95,0.61667,0.42233,0.85244,0.86107,0.80914,0.83057,0.61727,0.91946,0.73712,0.9573,0.00031775,0.00031775,0.00031775
228,1232.98,0.63256,0.42697,0.85557,0.8654,0.81816,0.83736,0.62315,0.9123,0.73231,0.95444,0.000313625,0.000313625,0.000313625
229,1238.05,0.6398,0.41897,0.84912,0.85355,0.8251,0.83553,0.6161,0.91633,0.73517,0.9539,0.0003095,0.0003095,0.0003095
230,1243.2,0.63532,0.43408,0.85724,0.81953,0.81512,0.82761,0.60967,0.92511,0.75196,0.95818,0.000305375,0.000305375,0.000305375
231,1248.46,0.63255,0.44128,0.85722,0.84742,0.79415,0.82973,0.61116,0.93212,0.74384,0.96045,0.00030125,0.00030125,0.00030125
232,1253.99,0.62865,0.42349,0.85701,0.85621,0.78288,0.82799,0.60956,0.93291,0.74351,0.95668,0.000297125,0.000297125,0.000297125
233,1258.95,0.61745,0.42804,0.85338,0.83409,0.8128,0.82939,0.61335,0.92607,0.75535,0.96181,0.000293,0.000293,0.000293
234,1263.92,0.60917,0.41673,0.84916,0.83809,0.7965,0.82744,0.60634,0.93493,0.74611,0.96776,0.000288875,0.000288875,0.000288875
235,1268.88,0.61086,0.42828,0.84609,0.87044,0.79129,0.82666,0.60363,0.92491,0.73512,0.968,0.00028475,0.00028475,0.00028475
236,1274.04,0.59139,0.41426,0.84929,0.85814,0.79951,0.82727,0.60666,0.91611,0.7181,0.96497,0.000280625,0.000280625,0.000280625
237,1279.1,0.60299,0.40677,0.84738,0.85128,0.80178,0.83076,0.6065,0.91243,0.70727,0.95974,0.0002765,0.0002765,0.0002765
238,1284.25,0.61233,0.43233,0.84985,0.85961,0.79238,0.82694,0.60075,0.90937,0.7211,0.9561,0.000272375,0.000272375,0.000272375
239,1289.6,0.60651,0.41905,0.85151,0.85388,0.79003,0.82288,0.60067,0.92733,0.73226,0.96042,0.00026825,0.00026825,0.00026825
240,1294.59,0.59179,0.40911,0.83477,0.85427,0.81012,0.83138,0.60757,0.9285,0.73193,0.96213,0.000264125,0.000264125,0.000264125
241,1299.92,0.61969,0.4198,0.85533,0.85873,0.80234,0.83097,0.61186,0.93174,0.73176,0.96462,0.00026,0.00026,0.00026
242,1307.07,0.62214,0.43001,0.85091,0.85755,0.80256,0.83205,0.61698,0.9288,0.72678,0.95574,0.000255875,0.000255875,0.000255875
243,1312.22,0.60535,0.42557,0.84984,0.8504,0.80339,0.83326,0.61936,0.93608,0.72287,0.95677,0.00025175,0.00025175,0.00025175
244,1317.37,0.58861,0.40759,0.84743,0.85885,0.80341,0.83147,0.61063,0.93281,0.71766,0.95719,0.000247625,0.000247625,0.000247625
245,1322.73,0.62534,0.43185,0.84454,0.87022,0.80292,0.83383,0.61185,0.93557,0.71127,0.95672,0.0002435,0.0002435,0.0002435
246,1327.91,0.60284,0.41004,0.84013,0.85964,0.81779,0.83854,0.6177,0.93169,0.71091,0.95546,0.000239375,0.000239375,0.000239375
247,1333.09,0.57558,0.3925,0.84288,0.85937,0.79243,0.83429,0.61166,0.9429,0.72052,0.96084,0.00023525,0.00023525,0.00023525
248,1338.25,0.62359,0.41903,0.8618,0.85376,0.79695,0.8327,0.60844,0.95254,0.73205,0.97127,0.000231125,0.000231125,0.000231125
249,1343.32,0.58917,0.41385,0.85291,0.84436,0.81351,0.83195,0.61178,0.94913,0.72794,0.97294,0.000227,0.000227,0.000227
250,1348.48,0.58908,0.40772,0.85371,0.84288,0.82519,0.83047,0.6111,0.95351,0.72975,0.97747,0.000222875,0.000222875,0.000222875
251,1353.73,0.63604,0.42396,0.85774,0.87174,0.8051,0.8307,0.61105,0.94473,0.73632,0.97712,0.00021875,0.00021875,0.00021875
252,1358.88,0.60037,0.3998,0.85084,0.85816,0.81443,0.83078,0.61015,0.93285,0.75222,0.9688,0.000214625,0.000214625,0.000214625
253,1364.1,0.61726,0.40966,0.86387,0.87193,0.80335,0.83037,0.60799,0.92924,0.74718,0.95794,0.0002105,0.0002105,0.0002105
254,1369.21,0.58412,0.39755,0.83681,0.8737,0.7946,0.83024,0.60523,0.93013,0.7467,0.95385,0.000206375,0.000206375,0.000206375
255,1374.31,0.60076,0.38967,0.84224,0.86113,0.80505,0.83125,0.60642,0.93126,0.72448,0.95107,0.00020225,0.00020225,0.00020225
256,1379.43,0.58204,0.39192,0.8434,0.86749,0.80729,0.8335,0.61167,0.92739,0.71365,0.95178,0.000198125,0.000198125,0.000198125
257,1384.51,0.60234,0.40552,0.84961,0.87253,0.79949,0.83513,0.61397,0.9142,0.70067,0.95392,0.000194,0.000194,0.000194
258,1389.73,0.58313,0.39324,0.84548,0.87688,0.785,0.83267,0.61484,0.9192,0.70741,0.95335,0.000189875,0.000189875,0.000189875
259,1394.91,0.57095,0.38704,0.83648,0.83919,0.81794,0.83135,0.6123,0.92657,0.71312,0.95629,0.00018575,0.00018575,0.00018575
260,1400,0.56171,0.38742,0.82982,0.84008,0.82016,0.82613,0.60764,0.92731,0.73122,0.95871,0.000181625,0.000181625,0.000181625
261,1405.11,0.56812,0.3897,0.83939,0.85599,0.80299,0.8236,0.6115,0.93193,0.74982,0.95851,0.0001775,0.0001775,0.0001775
262,1410.18,0.56735,0.39899,0.8468,0.86338,0.80256,0.8204,0.60681,0.94339,0.75897,0.96674,0.000173375,0.000173375,0.000173375
263,1415.31,0.60124,0.40553,0.85318,0.85986,0.80054,0.8194,0.60512,0.94124,0.77485,0.97056,0.00016925,0.00016925,0.00016925
264,1420.62,0.59468,0.39515,0.85021,0.86537,0.77918,0.81588,0.60023,0.92637,0.77162,0.96319,0.000165125,0.000165125,0.000165125
265,1425.77,0.55467,0.38353,0.84279,0.85097,0.79936,0.81893,0.60944,0.91938,0.75874,0.95752,0.000161,0.000161,0.000161
266,1430.82,0.56176,0.38755,0.83791,0.83756,0.80347,0.82165,0.6063,0.91672,0.75785,0.95446,0.000156875,0.000156875,0.000156875
267,1435.97,0.56299,0.38342,0.84763,0.8833,0.77077,0.82438,0.60644,0.91311,0.73403,0.95396,0.00015275,0.00015275,0.00015275
268,1441.3,0.59657,0.4004,0.8443,0.82801,0.82604,0.83369,0.61123,0.91809,0.72801,0.95507,0.000148625,0.000148625,0.000148625
269,1446.45,0.57647,0.39483,0.85102,0.89756,0.77929,0.83532,0.61237,0.92692,0.7343,0.95711,0.0001445,0.0001445,0.0001445
270,1451.6,0.56685,0.40056,0.84726,0.88335,0.77813,0.82901,0.60974,0.92778,0.73682,0.96017,0.000140375,0.000140375,0.000140375
271,1456.94,0.59099,0.41049,0.83793,0.88308,0.7769,0.82685,0.61109,0.93038,0.74417,0.96168,0.00013625,0.00013625,0.00013625
272,1462.09,0.56654,0.39746,0.84641,0.87899,0.77326,0.82878,0.61197,0.93179,0.73461,0.96399,0.000132125,0.000132125,0.000132125
273,1467.25,0.54366,0.37328,0.82208,0.87773,0.78371,0.83382,0.61114,0.9259,0.71674,0.96276,0.000128,0.000128,0.000128
274,1472.41,0.5817,0.40835,0.84765,0.89026,0.78965,0.83532,0.61004,0.92143,0.71577,0.96367,0.000123875,0.000123875,0.000123875
275,1477.54,0.55441,0.38667,0.83284,0.89497,0.78573,0.83715,0.60942,0.92695,0.70744,0.96557,0.00011975,0.00011975,0.00011975
276,1482.82,0.57256,0.39908,0.8421,0.86343,0.81059,0.83834,0.61016,0.92834,0.72094,0.96707,0.000115625,0.000115625,0.000115625
277,1488.92,0.59668,0.40424,0.83624,0.86617,0.80568,0.83645,0.60915,0.93733,0.72143,0.96818,0.0001115,0.0001115,0.0001115
278,1494.26,0.54603,0.38395,0.84701,0.85543,0.81219,0.83312,0.60594,0.94135,0.72453,0.96625,0.000107375,0.000107375,0.000107375
279,1499.26,0.56,0.3931,0.84183,0.85917,0.8085,0.83448,0.60554,0.94036,0.7248,0.96358,0.00010325,0.00010325,0.00010325
280,1504.39,0.57319,0.39095,0.84845,0.85091,0.81506,0.83904,0.60898,0.93343,0.72512,0.96097,9.9125e-05,9.9125e-05,9.9125e-05
281,1509.47,0.54454,0.36687,0.83151,0.87499,0.79058,0.83721,0.60926,0.93846,0.72967,0.96136,9.5e-05,9.5e-05,9.5e-05
282,1514.51,0.57622,0.38956,0.8442,0.87402,0.78841,0.83725,0.60809,0.93331,0.73358,0.95955,9.0875e-05,9.0875e-05,9.0875e-05
283,1519.47,0.56419,0.39136,0.83446,0.87359,0.79065,0.8371,0.61217,0.92797,0.72809,0.95518,8.675e-05,8.675e-05,8.675e-05
284,1525.02,0.54749,0.372,0.83123,0.88343,0.78801,0.84152,0.6162,0.9257,0.72399,0.95477,8.2625e-05,8.2625e-05,8.2625e-05
285,1530.05,0.53875,0.37326,0.83891,0.87855,0.7949,0.84109,0.61402,0.92431,0.72396,0.95481,7.85e-05,7.85e-05,7.85e-05
286,1535.11,0.57824,0.3825,0.84087,0.88445,0.79152,0.84235,0.61312,0.9282,0.72152,0.9578,7.4375e-05,7.4375e-05,7.4375e-05
287,1540.2,0.55336,0.3806,0.83423,0.87506,0.79658,0.83891,0.61121,0.92664,0.7205,0.95787,7.025e-05,7.025e-05,7.025e-05
288,1545.28,0.56151,0.4056,0.84666,0.88542,0.79219,0.84065,0.61376,0.92203,0.71651,0.95673,6.6125e-05,6.6125e-05,6.6125e-05
289,1550.22,0.5388,0.36442,0.82799,0.89229,0.79661,0.84389,0.61588,0.91984,0.71315,0.95456,6.2e-05,6.2e-05,6.2e-05
290,1555.18,0.5488,0.37664,0.84305,0.90617,0.78806,0.84167,0.61835,0.92354,0.71013,0.95439,5.7875e-05,5.7875e-05,5.7875e-05
291,1560.51,0.53517,0.34692,0.81222,0.89583,0.78799,0.84136,0.61087,0.93648,0.70358,0.96402,5.375e-05,5.375e-05,5.375e-05
292,1565.3,0.51237,0.34097,0.82256,0.85817,0.80764,0.83679,0.60514,0.94697,0.70813,0.97244,4.9625e-05,4.9625e-05,4.9625e-05
293,1570.15,0.53934,0.34545,0.8099,0.85987,0.80091,0.83444,0.59813,0.94807,0.71233,0.97619,4.55e-05,4.55e-05,4.55e-05
294,1575.05,0.51492,0.34454,0.80859,0.8401,0.80234,0.83039,0.59616,0.94919,0.71219,0.97696,4.1375e-05,4.1375e-05,4.1375e-05
295,1579.81,0.53716,0.34188,0.82479,0.82961,0.82421,0.83135,0.59745,0.94845,0.70842,0.97879,3.725e-05,3.725e-05,3.725e-05
296,1584.56,0.51432,0.33646,0.814,0.84574,0.80256,0.82955,0.59714,0.94836,0.70554,0.97904,3.3125e-05,3.3125e-05,3.3125e-05
297,1589.62,0.51482,0.34259,0.82498,0.83127,0.81011,0.82702,0.59666,0.95029,0.71106,0.97822,2.9e-05,2.9e-05,2.9e-05
298,1595.16,0.53133,0.34737,0.81178,0.86331,0.78799,0.82798,0.59621,0.95192,0.71263,0.9802,2.4875e-05,2.4875e-05,2.4875e-05
299,1600.1,0.57906,0.36741,0.81202,0.84912,0.79355,0.83004,0.59827,0.94761,0.71059,0.9795,2.075e-05,2.075e-05,2.075e-05
300,1604.98,0.49818,0.38527,0.80445,0.85446,0.7959,0.82917,0.59571,0.94869,0.71142,0.97865,1.6625e-05,1.6625e-05,1.6625e-05
